URL,SEO Keywords for Linking,Pages Already Linking Here
/,"Hire Drone Pilot | Drone Pilot UK | HireDronePilot | Drone Survey UK | Hire a Drone Pilot | UK Drone Services | Compare Drone Pilot Quotes",/caa-drone-theory-test
/about,"About HireDronePilot | About Us | Our Story | Peter Leslie Drone Pilot | Who We Are | Founder","/ | /cities/aberdeen | /cities/birmingham | /cities/brighton | /cities/bristol | /cities/cambridge | /cities/coventry | /cities/derby | /cities/dundee | /cities/edinburgh | /cities/glasgow | /cities/leeds | /cities/leicester | /cities/liverpool | /cities/london | /cities/manchester | /cities/milton-keynes | /cities/newcastle | /cities/norwich | /cities/nottingham | /cities/oxford | /cities/plymouth | /cities/portsmouth | /cities/reading | /cities/sheffield | /cities/southampton | /cities/york | /drone-statistics"
/contact,"Contact Us | Get a Drone Quote | Request a Quote | Hire a Drone Pilot | Free Drone Survey Quote | Get in Touch","/ | /cities/belfast | /cities/cardiff | /cities/swansea | /pilots | /pricing | /services"
/pricing,"Drone Pricing | Drone Costs UK | Drone Survey Costs | How Much Does a Drone Survey Cost | Drone Pilot Day Rates | Drone Hire Cost | Drone Service Pricing","/ | /resources"
/blog,"Drone Blog | Drone Industry News | Drone Survey Articles | Drone Insights | Aerial Survey Blog","/ | /resources"
/services,"Drone Services | Our Services | Drone Survey Services | All Drone Services | Professional Drone Services UK","/ | /cities/aberdeen | /cities/birmingham | /cities/brighton | /cities/bristol | /cities/cambridge | /cities/coventry | /cities/derby | /cities/dundee | /cities/edinburgh | /cities/glasgow | /cities/leeds | /cities/leicester | /cities/liverpool | /cities/london | /cities/manchester | /cities/milton-keynes | /cities/newcastle | /cities/norwich | /cities/nottingham | /cities/oxford | /cities/plymouth | /cities/portsmouth | /cities/reading | /cities/sheffield | /cities/southampton | /cities/york | /services/[slug] | /services/drone-agricultural-survey | /services/drone-archaeological-survey | /services/drone-as-built-survey | /services/drone-bathymetric-survey | /services/drone-boundary-survey | /services/drone-bridge-inspection | /services/drone-coastal-survey | /services/drone-confined-space-inspection | /services/drone-construction-monitoring | /services/drone-corridor-mapping | /services/drone-crop-spraying | /services/drone-elevation-survey | /services/drone-environmental-survey | /services/drone-estate-survey | /services/drone-facade-survey | /services/drone-flood-risk-survey | /services/drone-forestry-survey | /services/drone-gas-detection | /services/drone-ground-penetrating-radar | /services/drone-industrial-survey | /services/drone-land-survey | /services/drone-landfill-survey | /services/drone-lidar-mapping | /services/drone-measured-building-survey | /services/drone-mining-survey | /services/drone-photogrammetry-survey | /services/drone-photography | /services/drone-point-cloud-mapping | /services/drone-quarry-survey | /services/drone-railway-survey | /services/drone-real-estate-photography | /services/drone-road-survey | /services/drone-roof-inspection | /services/drone-setting-out-survey | /services/drone-site-survey | /services/drone-solar-survey | /services/drone-sonar-survey | /services/drone-surveys | /services/drone-thermal-imaging | /services/drone-topographical-survey | /services/drone-utility-survey | /services/drone-videographer | /services/drone-volumetric-survey | /services/drone-water-quality-assessment | /services/drone-wedding-photography | /services/drone-wind-farm-survey"
/cities,"Drone Services by City | UK Drone Coverage | Drone Pilots Near Me | Local Drone Services | Drone Survey Locations UK",/
/pilots,"Drone Pilots Directory | Find a Drone Pilot | Verified Drone Pilots | UK Drone Pilots | Browse Drone Pilots","/ | /about | /drone-statistics"
/resources,"Drone Resources | Drone Survey Resources | Drone Calculators | Drone Guides | Drone Tools",/
/join-as-pilot,"Join as Drone Pilot | Become a Drone Pilot | Register as Pilot | Drone Pilot Registration | Join Our Network | List as Drone Pilot","/about | /pilots"
/drone-statistics,"UK Drone Statistics | Drone Industry Statistics | Drone Market Data | UK Drone Industry | Drone Stats | Drone Industry Growth",/
/caa-drone-theory-test,"CAA Drone Theory Test | Drone Theory Test Practice | CAA Exam Preparation | Drone Pilot Theory Test | A2 CofC Theory Test | Drone Licence Theory","/ | /about | /pilots"
/privacy,"Privacy Policy | Data Protection | Privacy Notice",(none)
/terms,"Terms and Conditions | Website Terms | Terms of Use",(none)
/marketplace-terms,"Marketplace Terms | Platform Terms | Marketplace Conditions",(none)
/pilot-terms,"Pilot Terms | Drone Pilot Terms | Operator Terms",(none)
/marketplace-policy,"Issue Policy | Marketplace Policy | Dispute Resolution",(none)
/cookies,"Cookie Policy | Cookie Notice | Cookie Preferences",(none)
/html-sitemap,"HTML Sitemap | Site Map | All Pages",(none)
/services/drone-survey,"Drone Survey | Survey | Drone Survey Services | Survey UK","/ | /cities/aberdeen | /cities/belfast | /cities/birmingham | /cities/brighton | /cities/bristol | /cities/cambridge | /cities/cardiff | /cities/coventry | /cities/derby | /cities/dundee | /cities/edinburgh | /cities/glasgow | /cities/leeds | /cities/leicester | /cities/liverpool | /cities/london | /cities/manchester | /cities/milton-keynes | /cities/newcastle | /cities/norwich | /cities/nottingham | /cities/oxford | /cities/plymouth | /cities/portsmouth | /cities/reading | /cities/sheffield | /cities/southampton | /cities/swansea | /cities/york | /pricing | /services | /services/[slug] | /services/drone-agricultural-survey | /services/drone-bridge-inspection | /services/drone-coastal-survey | /services/drone-construction-monitoring | /services/drone-elevation-survey | /services/drone-environmental-survey | /services/drone-estate-survey | /services/drone-facade-survey | /services/drone-flood-risk-survey | /services/drone-industrial-survey | /services/drone-landfill-survey | /services/drone-lidar-mapping | /services/drone-photogrammetry-survey | /services/drone-roof-inspection | /services/drone-setting-out-survey | /services/drone-site-survey | /services/drone-solar-survey | /services/drone-topographical-survey | /services/drone-utility-survey | /services/drone-volumetric-survey | /services/drone-wind-farm-survey"
/services/aerial-photography,"Aerial Photography | Drone Aerial Photography | Aerial Photography Services | Aerial Photography UK","/pricing | /services | /services/[slug]"
/services/drone-lidar-mapping,"Drone LiDAR Mapping | LiDAR Mapping | Drone LiDAR Survey | Drone LiDAR Mapping Services | LiDAR Mapping UK | Drone Survey Services","/ | /cities/aberdeen | /cities/belfast | /cities/birmingham | /cities/brighton | /cities/bristol | /cities/cambridge | /cities/cardiff | /cities/coventry | /cities/derby | /cities/dundee | /cities/edinburgh | /cities/glasgow | /cities/leeds | /cities/leicester | /cities/liverpool | /cities/london | /cities/manchester | /cities/milton-keynes | /cities/newcastle | /cities/norwich | /cities/nottingham | /cities/oxford | /cities/plymouth | /cities/portsmouth | /cities/reading | /cities/sheffield | /cities/southampton | /cities/swansea | /cities/york | /pricing | /services | /services/[slug] | /services/drone-agricultural-survey | /services/drone-archaeological-survey | /services/drone-boundary-survey | /services/drone-bridge-inspection | /services/drone-coastal-survey | /services/drone-corridor-mapping | /services/drone-elevation-survey | /services/drone-environmental-survey | /services/drone-estate-survey | /services/drone-flood-risk-survey | /services/drone-forestry-survey | /services/drone-ground-penetrating-radar | /services/drone-land-survey | /services/drone-measured-building-survey | /services/drone-mining-survey | /services/drone-photogrammetry-survey | /services/drone-point-cloud-mapping | /services/drone-railway-survey | /services/drone-road-survey | /services/drone-site-survey | /services/drone-solar-survey | /services/drone-surveys | /services/drone-topographical-survey | /services/drone-utility-survey | /services/drone-volumetric-survey"
/services/thermal-imaging,"Thermal Imaging | Drone Thermal Imaging | Thermal Imaging Services | Thermal Imaging UK | Drone Inspection Services","/ | /cities/aberdeen | /cities/belfast | /cities/birmingham | /cities/brighton | /cities/bristol | /cities/cambridge | /cities/cardiff | /cities/coventry | /cities/derby | /cities/dundee | /cities/edinburgh | /cities/glasgow | /cities/leeds | /cities/leicester | /cities/liverpool | /cities/london | /cities/manchester | /cities/milton-keynes | /cities/newcastle | /cities/norwich | /cities/nottingham | /cities/oxford | /cities/plymouth | /cities/portsmouth | /cities/reading | /cities/sheffield | /cities/southampton | /cities/swansea | /cities/york | /pricing | /services | /services/[slug] | /services/drone-facade-survey | /services/drone-roof-inspection | /services/drone-wind-farm-survey"
/services/topographic-survey,"Topographic Survey | Drone Topographic Survey | Topographic Survey Services | Topographic Survey UK","/ | /cities/aberdeen | /cities/belfast | /cities/birmingham | /cities/brighton | /cities/bristol | /cities/cambridge | /cities/cardiff | /cities/coventry | /cities/derby | /cities/dundee | /cities/edinburgh | /cities/glasgow | /cities/leeds | /cities/leicester | /cities/liverpool | /cities/london | /cities/manchester | /cities/milton-keynes | /cities/newcastle | /cities/norwich | /cities/nottingham | /cities/oxford | /cities/plymouth | /cities/portsmouth | /cities/reading | /cities/sheffield | /cities/southampton | /cities/swansea | /cities/york | /services | /services/[slug] | /services/drone-lidar-mapping"
/services/building-inspection,"Building Inspection | Drone Building Inspection | Building Inspection Services | Building Inspection UK | Building Assessment","/ | /cities/aberdeen | /cities/belfast | /cities/birmingham | /cities/brighton | /cities/bristol | /cities/cambridge | /cities/cardiff | /cities/coventry | /cities/derby | /cities/dundee | /cities/edinburgh | /cities/glasgow | /cities/leeds | /cities/leicester | /cities/liverpool | /cities/london | /cities/manchester | /cities/milton-keynes | /cities/newcastle | /cities/norwich | /cities/nottingham | /cities/oxford | /cities/plymouth | /cities/portsmouth | /cities/reading | /cities/sheffield | /cities/southampton | /cities/swansea | /cities/york | /services | /services/[slug]"
/services/construction-progress-monitoring,"Construction Progress Monitoring | Drone Construction Progress Monitoring | Construction Progress Survey | Construction Progress Monitoring Services | Construction Progress Monitoring UK | Drone Survey Services","/services | /services/[slug]"
/services/volumetric-analysis,"Volumetric Analysis | Drone Volumetric Analysis | Volumetric Survey | Volumetric Analysis Services | Volumetric Analysis UK | Drone Survey Services","/services | /services/[slug] | /services/drone-boundary-survey | /services/drone-construction-monitoring | /services/drone-corridor-mapping | /services/drone-forestry-survey | /services/drone-industrial-survey | /services/drone-land-survey | /services/drone-landfill-survey | /services/drone-lidar-mapping | /services/drone-mining-survey | /services/drone-photogrammetry-survey | /services/drone-setting-out-survey | /services/drone-topographical-survey"
/services/drone-environmental-survey,"Drone Environmental Survey | Environmental Survey | Drone Environmental Survey Services | Environmental Survey UK | Specialist Drone Services","/ | /services | /services/[slug] | /services/drone-agricultural-survey | /services/drone-archaeological-survey | /services/drone-bathymetric-survey | /services/drone-coastal-survey | /services/drone-flood-risk-survey | /services/drone-forestry-survey | /services/drone-ground-penetrating-radar | /services/drone-landfill-survey | /services/drone-mining-survey | /services/drone-sonar-survey | /services/drone-surveys | /services/drone-water-quality-assessment"
/services/drone-topographical-survey,"Drone Topographical Survey | Topographical Survey | Drone Topographical Survey Services | Topographical Survey UK","/pricing | /resources | /services | /services/[slug] | /services/drone-agricultural-survey | /services/drone-archaeological-survey | /services/drone-as-built-survey | /services/drone-bathymetric-survey | /services/drone-boundary-survey | /services/drone-coastal-survey | /services/drone-construction-monitoring | /services/drone-corridor-mapping | /services/drone-elevation-survey | /services/drone-environmental-survey | /services/drone-estate-survey | /services/drone-flood-risk-survey | /services/drone-forestry-survey | /services/drone-land-survey | /services/drone-landfill-survey | /services/drone-lidar-mapping | /services/drone-measured-building-survey | /services/drone-mining-survey | /services/drone-photogrammetry-survey | /services/drone-point-cloud-mapping | /services/drone-quarry-survey | /services/drone-railway-survey | /services/drone-road-survey | /services/drone-setting-out-survey | /services/drone-site-survey | /services/drone-solar-survey | /services/drone-surveys | /services/drone-utility-survey | /services/drone-volumetric-survey"
/services/drone-photogrammetry-survey,"Drone Photogrammetry Survey | Photogrammetry Survey | Drone Photogrammetry Survey Services | Photogrammetry Survey UK","/pricing | /services | /services/[slug] | /services/drone-boundary-survey | /services/drone-lidar-mapping | /services/drone-point-cloud-mapping | /services/drone-topographical-survey | /services/drone-volumetric-survey"
/services/drone-volumetric-survey,"Drone Volumetric Survey | Volumetric Survey | Drone Volumetric Survey Services | Volumetric Survey UK","/ | /cities/aberdeen | /cities/belfast | /cities/birmingham | /cities/brighton | /cities/bristol | /cities/cambridge | /cities/cardiff | /cities/coventry | /cities/derby | /cities/dundee | /cities/edinburgh | /cities/glasgow | /cities/leeds | /cities/leicester | /cities/liverpool | /cities/london | /cities/manchester | /cities/milton-keynes | /cities/newcastle | /cities/norwich | /cities/nottingham | /cities/oxford | /cities/plymouth | /cities/portsmouth | /cities/reading | /cities/sheffield | /cities/southampton | /cities/swansea | /cities/york | /services | /services/[slug] | /services/drone-construction-monitoring | /services/drone-land-survey | /services/drone-landfill-survey | /services/drone-mining-survey | /services/drone-photogrammetry-survey | /services/drone-quarry-survey | /services/drone-road-survey | /services/drone-surveys"
/services/drone-construction-monitoring,"Drone Construction Monitoring | Construction Monitoring | Drone Construction Survey | Drone Construction Monitoring Services | Construction Monitoring UK | Drone Survey Services","/ | /services | /services/[slug] | /services/drone-as-built-survey | /services/drone-point-cloud-mapping | /services/drone-road-survey | /services/drone-setting-out-survey | /services/drone-surveys | /services/drone-videographer | /services/drone-volumetric-survey"
/services/drone-site-survey,"Drone Site Survey | Site Survey | Drone Site Survey Services | Site Survey UK","/services | /services/[slug] | /services/drone-archaeological-survey | /services/drone-as-built-survey | /services/drone-boundary-survey | /services/drone-construction-monitoring | /services/drone-ground-penetrating-radar | /services/drone-land-survey | /services/drone-photogrammetry-survey | /services/drone-photography | /services/drone-road-survey | /services/drone-setting-out-survey | /services/drone-surveys | /services/drone-topographical-survey | /services/drone-volumetric-survey"
/services/drone-land-survey,"Drone Land Survey | Land Survey | Drone Land Survey Services | Land Survey UK","/services | /services/[slug] | /services/drone-agricultural-survey | /services/drone-boundary-survey | /services/drone-crop-spraying | /services/drone-ground-penetrating-radar"
/services/drone-elevation-survey,"Drone Elevation Survey | Elevation Survey | Drone Elevation Survey Services | Elevation Survey UK","/services | /services/[slug] | /services/drone-facade-survey | /services/drone-lidar-mapping | /services/drone-measured-building-survey | /services/drone-topographical-survey"
/services/drone-corridor-mapping,"Drone Corridor Mapping | Corridor Mapping | Drone Corridor Survey | Drone Corridor Mapping Services | Corridor Mapping UK | Drone Survey Services","/services | /services/[slug] | /services/drone-bridge-inspection | /services/drone-flood-risk-survey | /services/drone-railway-survey | /services/drone-road-survey | /services/drone-utility-survey"
/services/drone-boundary-survey,"Drone Boundary Survey | Boundary Survey | Drone Boundary Survey Services | Boundary Survey UK","/services | /services/[slug] | /services/drone-estate-survey | /services/drone-land-survey | /services/drone-site-survey"
/services/drone-estate-survey,"Drone Estate Survey | Estate Survey | Drone Estate Survey Services | Estate Survey UK","/services | /services/[slug] | /services/drone-forestry-survey"
/services/drone-roof-inspection,"Drone Roof Inspection | Roof Inspection | Drone Roof Inspection Services | Roof Inspection UK | Roof Assessment","/about | /pricing | /services | /services/[slug] | /services/drone-bridge-inspection | /services/drone-facade-survey | /services/drone-industrial-survey | /services/drone-measured-building-survey | /services/drone-real-estate-photography | /services/drone-thermal-imaging | /services/drone-wind-farm-survey"
/services/drone-facade-survey,"Drone Facade Survey | Facade Survey | Drone Facade Survey Services | Facade Survey UK | Drone Inspection Services","/services | /services/[slug] | /services/drone-bridge-inspection | /services/drone-elevation-survey | /services/drone-measured-building-survey | /services/drone-roof-inspection | /services/drone-thermal-imaging"
/services/drone-bridge-inspection,"Drone Bridge Inspection | Bridge Inspection | Drone Bridge Inspection Services | Bridge Inspection UK | Bridge Assessment","/services | /services/[slug] | /services/drone-confined-space-inspection | /services/drone-facade-survey | /services/drone-railway-survey"
/services/drone-industrial-survey,"Drone Industrial Survey | Industrial Survey | Drone Industrial Survey Services | Industrial Survey UK | Drone Inspection Services","/pricing | /services | /services/[slug] | /services/drone-confined-space-inspection | /services/drone-gas-detection | /services/drone-thermal-imaging"
/services/drone-road-survey,"Drone Road Survey | Road Survey | Drone Road Survey Services | Road Survey UK | Drone Infrastructure Services","/services | /services/[slug] | /services/drone-bridge-inspection | /services/drone-corridor-mapping | /services/drone-railway-survey"
/services/drone-railway-survey,"Drone Railway Survey | Railway Survey | Drone Railway Survey Services | Railway Survey UK | Drone Infrastructure Services","/services | /services/[slug] | /services/drone-corridor-mapping | /services/drone-utility-survey"
/services/drone-utility-survey,"Drone Utility Survey | Utility Survey | Drone Utility Survey Services | Utility Survey UK | Drone Infrastructure Services","/services | /services/[slug] | /services/drone-bridge-inspection | /services/drone-corridor-mapping | /services/drone-ground-penetrating-radar | /services/drone-industrial-survey | /services/drone-railway-survey"
/services/drone-solar-survey,"Drone Solar Survey | Solar Survey | Drone Solar Survey Services | Solar Survey UK | Drone Infrastructure Services","/ | /pricing | /services | /services/[slug] | /services/drone-roof-inspection | /services/drone-thermal-imaging"
/services/drone-wind-farm-survey,"Drone Wind Farm Survey | Wind Farm Survey | Drone Wind Farm Survey Services | Wind Farm Survey UK | Drone Infrastructure Services","/services | /services/[slug]"
/services/drone-coastal-survey,"Drone Coastal Survey | Coastal Survey | Drone Coastal Survey Services | Coastal Survey UK | Drone Environmental Services","/pricing | /services | /services/[slug] | /services/drone-bathymetric-survey | /services/drone-environmental-survey | /services/drone-flood-risk-survey | /services/drone-sonar-survey | /services/drone-water-quality-assessment"
/services/drone-landfill-survey,"Drone Landfill Survey | Landfill Survey | Drone Landfill Survey Services | Landfill Survey UK | Drone Environmental Services","/services | /services/[slug] | /services/drone-quarry-survey"
/services/drone-mining-survey,"Drone Mining Survey | Mining Survey | Drone Mining Survey Services | Mining Survey UK | Drone Environmental Services","/ | /services | /services/[slug] | /services/drone-quarry-survey"
/services/drone-agricultural-survey,"Drone Agricultural Survey | Agricultural Survey | Drone Agricultural Survey Services | Agricultural Survey UK | Drone Environmental Services","/ | /drone-statistics | /services | /services/[slug] | /services/drone-crop-spraying | /services/drone-environmental-survey"
/services/drone-flood-risk-survey,"Drone Flood Risk Survey | Flood Risk Survey | Drone Flood Risk Survey Services | Flood Risk Survey UK | Drone Environmental Services","/services | /services/[slug] | /services/drone-bathymetric-survey | /services/drone-coastal-survey | /services/drone-environmental-survey | /services/drone-water-quality-assessment"
/services/drone-forestry-survey,"Drone Forestry Survey | Forestry Survey | Drone Forestry Survey Services | Forestry Survey UK | Drone Environmental Services","/services | /services/[slug] | /services/drone-agricultural-survey | /services/drone-environmental-survey | /services/drone-estate-survey"
/services/drone-setting-out-survey,"Drone Setting Out Survey | Setting Out Survey | Drone Setting Out Survey Services | Setting Out Survey UK | Specialist Drone Services","/services | /services/[slug] | /services/drone-as-built-survey"
/services/drone-as-built-survey,"Drone As-Built Survey | As-Built Survey | Drone As-Built Survey Services | As-Built Survey UK | Specialist Drone Services","/services | /services/[slug] | /services/drone-construction-monitoring | /services/drone-measured-building-survey | /services/drone-point-cloud-mapping | /services/drone-setting-out-survey"
/services/drone-measured-building-survey,"Drone Measured Building Survey | Measured Building Survey | Drone Measured Building Survey Services | Measured Building Survey UK | Specialist Drone Services","/services | /services/[slug] | /services/drone-as-built-survey | /services/drone-elevation-survey | /services/drone-estate-survey | /services/drone-facade-survey | /services/drone-point-cloud-mapping | /services/drone-roof-inspection | /services/drone-setting-out-survey"
/services/drone-archaeological-survey,"Drone Archaeological Survey | Archaeological Survey | Drone Archaeological Survey Services | Archaeological Survey UK | Specialist Drone Services","/services | /services/[slug] | /services/drone-ground-penetrating-radar"
/services/drone-photography,"Drone Photography | Photography | Drone Photography Services | Photography UK | Aerial Photography","/drone-statistics | /services | /services/[slug] | /services/drone-real-estate-photography | /services/drone-videographer | /services/drone-wedding-photography"
/services/drone-real-estate-photography,"Drone Real Estate Photography | Real Estate Photography | Drone Real Estate Photography Services | Real Estate Photography UK | Aerial Photography","/ | /services | /services/[slug] | /services/drone-photography | /services/drone-videographer | /services/drone-wedding-photography"
/services/drone-wedding-photography,"Drone Wedding Photography | Wedding Photography | Drone Wedding Photography Services | Wedding Photography UK | Aerial Photography","/services | /services/[slug] | /services/drone-photography | /services/drone-videographer"
/services/drone-thermal-imaging,"Drone Thermal Imaging | Thermal Imaging | Drone Thermal Imaging Services | Thermal Imaging UK | Drone Inspection Services","/services | /services/[slug] | /services/drone-confined-space-inspection | /services/drone-facade-survey | /services/drone-industrial-survey | /services/drone-roof-inspection | /services/drone-solar-survey | /services/drone-utility-survey"
/services/drone-surveys,"Drone Surveys | Surveys | Drone Surveys Services | Surveys UK | Drone Survey Services","/about | /resources | /services | /services/[slug] | /services/drone-bathymetric-survey | /services/drone-point-cloud-mapping"
/services/drone-bathymetric-survey,"Drone Bathymetric Survey | Bathymetric Survey | Drone Bathymetric Survey Services | Bathymetric Survey UK | Specialist Drone Services","/services | /services/[slug] | /services/drone-coastal-survey | /services/drone-sonar-survey | /services/drone-water-quality-assessment"
/services/drone-point-cloud-mapping,"Drone Point Cloud Mapping | Point Cloud Mapping | Drone Point Cloud Survey | Drone Point Cloud Mapping Services | Point Cloud Mapping UK | Drone Survey Services","/services | /services/[slug] | /services/drone-archaeological-survey | /services/drone-as-built-survey | /services/drone-construction-monitoring | /services/drone-elevation-survey | /services/drone-lidar-mapping | /services/drone-photogrammetry-survey | /services/drone-site-survey | /services/drone-surveys | /services/drone-topographical-survey | /services/drone-volumetric-survey"
/services/drone-sonar-survey,"Drone Sonar Survey | Sonar Survey | Drone Sonar Survey Services | Sonar Survey UK | Specialist Drone Services","/services | /services/[slug] | /services/drone-bathymetric-survey | /services/drone-water-quality-assessment"
/services/drone-videographer,"Drone Videographer | Videographer | Drone Videographer Services | Videographer UK | Drone Photography Services | Aerial Photography","/services | /services/[slug] | /services/drone-photography | /services/drone-real-estate-photography | /services/drone-wedding-photography"
/services/drone-water-quality-assessment,"Drone Water Quality Assessment | Water Quality Assessment | Drone Water Quality Assessment Services | Water Quality Assessment UK | Specialist Drone Services","/services | /services/[slug] | /services/drone-environmental-survey | /services/drone-sonar-survey"
/services/drone-confined-space-inspection,"Drone Confined Space Inspection | Confined Space Inspection | Drone Confined Space Inspection Services | Confined Space Inspection UK | Confined Space Assessment","/services | /services/[slug] | /services/drone-gas-detection | /services/drone-industrial-survey"
/services/drone-ground-penetrating-radar,"Drone Ground Penetrating Radar | Ground Penetrating Radar | Drone Ground Penetrating Radar Services | Ground Penetrating Radar UK | Specialist Drone Services","/services | /services/[slug] | /services/drone-archaeological-survey"
/services/drone-quarry-survey,"Drone Quarry Survey | Quarry Survey | Drone Quarry Survey Services | Quarry Survey UK | Drone Environmental Services","/services | /services/[slug] | /services/drone-landfill-survey | /services/drone-mining-survey | /services/drone-volumetric-survey"
/cities/london,"Drone Survey London | London Drone Survey | Aerial Survey London | Drone Services London | Drone Pilot London | Drone Mapping London | Hire Drone Pilot London",/
/cities/edinburgh,"Drone Survey Edinburgh | Edinburgh Drone Survey | Aerial Survey Edinburgh | Drone Services Edinburgh | Drone Pilot Edinburgh | Drone Mapping Edinburgh | Hire Drone Pilot Edinburgh",/
/cities/glasgow,"Drone Survey Glasgow | Glasgow Drone Survey | Aerial Survey Glasgow | Drone Services Glasgow | Drone Pilot Glasgow | Drone Mapping Glasgow | Hire Drone Pilot Glasgow",/
/cities/aberdeen,"Drone Survey Aberdeen | Aberdeen Drone Survey | Aerial Survey Aberdeen | Drone Services Aberdeen | Drone Pilot Aberdeen | Drone Mapping Aberdeen | Hire Drone Pilot Aberdeen",/
/cities/dundee,"Drone Survey Dundee | Dundee Drone Survey | Aerial Survey Dundee | Drone Services Dundee | Drone Pilot Dundee | Drone Mapping Dundee | Hire Drone Pilot Dundee",/
/cities/manchester,"Drone Survey Manchester | Manchester Drone Survey | Aerial Survey Manchester | Drone Services Manchester | Drone Pilot Manchester | Drone Mapping Manchester | Hire Drone Pilot Manchester",/
/cities/liverpool,"Drone Survey Liverpool | Liverpool Drone Survey | Aerial Survey Liverpool | Drone Services Liverpool | Drone Pilot Liverpool | Drone Mapping Liverpool | Hire Drone Pilot Liverpool",/
/cities/leeds,"Drone Survey Leeds | Leeds Drone Survey | Aerial Survey Leeds | Drone Services Leeds | Drone Pilot Leeds | Drone Mapping Leeds | Hire Drone Pilot Leeds",/
/cities/sheffield,"Drone Survey Sheffield | Sheffield Drone Survey | Aerial Survey Sheffield | Drone Services Sheffield | Drone Pilot Sheffield | Drone Mapping Sheffield | Hire Drone Pilot Sheffield",/
/cities/newcastle,"Drone Survey Newcastle | Newcastle Drone Survey | Aerial Survey Newcastle | Drone Services Newcastle | Drone Pilot Newcastle | Drone Mapping Newcastle | Hire Drone Pilot Newcastle",/
/cities/birmingham,"Drone Survey Birmingham | Birmingham Drone Survey | Aerial Survey Birmingham | Drone Services Birmingham | Drone Pilot Birmingham | Drone Mapping Birmingham | Hire Drone Pilot Birmingham",/
/cities/nottingham,"Drone Survey Nottingham | Nottingham Drone Survey | Aerial Survey Nottingham | Drone Services Nottingham | Drone Pilot Nottingham | Drone Mapping Nottingham | Hire Drone Pilot Nottingham",/
/cities/leicester,"Drone Survey Leicester | Leicester Drone Survey | Aerial Survey Leicester | Drone Services Leicester | Drone Pilot Leicester | Drone Mapping Leicester | Hire Drone Pilot Leicester",/
/cities/coventry,"Drone Survey Coventry | Coventry Drone Survey | Aerial Survey Coventry | Drone Services Coventry | Drone Pilot Coventry | Drone Mapping Coventry | Hire Drone Pilot Coventry",/
/cities/derby,"Drone Survey Derby | Derby Drone Survey | Aerial Survey Derby | Drone Services Derby | Drone Pilot Derby | Drone Mapping Derby | Hire Drone Pilot Derby",/
/cities/bristol,"Drone Survey Bristol | Bristol Drone Survey | Aerial Survey Bristol | Drone Services Bristol | Drone Pilot Bristol | Drone Mapping Bristol | Hire Drone Pilot Bristol",/
/cities/southampton,"Drone Survey Southampton | Southampton Drone Survey | Aerial Survey Southampton | Drone Services Southampton | Drone Pilot Southampton | Drone Mapping Southampton | Hire Drone Pilot Southampton",/
/cities/brighton,"Drone Survey Brighton | Brighton Drone Survey | Aerial Survey Brighton | Drone Services Brighton | Drone Pilot Brighton | Drone Mapping Brighton | Hire Drone Pilot Brighton",/
/cities/portsmouth,"Drone Survey Portsmouth | Portsmouth Drone Survey | Aerial Survey Portsmouth | Drone Services Portsmouth | Drone Pilot Portsmouth | Drone Mapping Portsmouth | Hire Drone Pilot Portsmouth",/
/cities/plymouth,"Drone Survey Plymouth | Plymouth Drone Survey | Aerial Survey Plymouth | Drone Services Plymouth | Drone Pilot Plymouth | Drone Mapping Plymouth | Hire Drone Pilot Plymouth",/
/cities/cambridge,"Drone Survey Cambridge | Cambridge Drone Survey | Aerial Survey Cambridge | Drone Services Cambridge | Drone Pilot Cambridge | Drone Mapping Cambridge | Hire Drone Pilot Cambridge",/
/cities/oxford,"Drone Survey Oxford | Oxford Drone Survey | Aerial Survey Oxford | Drone Services Oxford | Drone Pilot Oxford | Drone Mapping Oxford | Hire Drone Pilot Oxford",/
/cities/norwich,"Drone Survey Norwich | Norwich Drone Survey | Aerial Survey Norwich | Drone Services Norwich | Drone Pilot Norwich | Drone Mapping Norwich | Hire Drone Pilot Norwich",/
/cities/reading,"Drone Survey Reading | Reading Drone Survey | Aerial Survey Reading | Drone Services Reading | Drone Pilot Reading | Drone Mapping Reading | Hire Drone Pilot Reading",/
/cities/milton-keynes,"Drone Survey Milton Keynes | Milton Keynes Drone Survey | Aerial Survey Milton Keynes | Drone Services Milton Keynes | Drone Pilot Milton Keynes | Drone Mapping Milton Keynes | Hire Drone Pilot Milton Keynes",/
/cities/york,"Drone Survey York | York Drone Survey | Aerial Survey York | Drone Services York | Drone Pilot York | Drone Mapping York | Hire Drone Pilot York",/
/cities/cardiff,"Drone Survey Cardiff | Cardiff Drone Survey | Aerial Survey Cardiff | Drone Services Cardiff | Drone Pilot Cardiff | Drone Mapping Cardiff | Hire Drone Pilot Cardiff",/
/cities/swansea,"Drone Survey Swansea | Swansea Drone Survey | Aerial Survey Swansea | Drone Services Swansea | Drone Pilot Swansea | Drone Mapping Swansea | Hire Drone Pilot Swansea",/
/cities/belfast,"Drone Survey Belfast | Belfast Drone Survey | Aerial Survey Belfast | Drone Services Belfast | Drone Pilot Belfast | Drone Mapping Belfast | Hire Drone Pilot Belfast",/
/resources/calculators/survey-cost-estimator,"Drone Survey Cost Estimator | Survey Cost Calculator | Drone Cost Calculator | Estimate Drone Survey Cost | Drone Pricing Calculator",/resources
/resources/calculators/flight-time-calculator,"Drone Flight Time Calculator | Flight Time Estimator | Drone Battery Calculator | Flight Planning Tool | Drone Flight Planner",/resources
/resources/calculators/roi-calculator,"Drone ROI Calculator | Drone Survey ROI | Return on Investment Calculator | Drone Cost Savings Calculator | Drone vs Traditional Cost",/resources
/resources/calculators/area-measurement-tool,"Area Measurement Tool | Site Area Calculator | Land Measurement Tool | Survey Area Calculator | Hectare Calculator",/resources
